RecordType,LastAuditedDate,XEditSha,Notes
AACT,2026-07-07,fd1e36020b2b5b6217e553dc0038983146a2e2dd,
AAMD,2026-07-07,fd1e36020b2b5b6217e553dc0038983146a2e2dd,
AAPD,2026-07-07,fd1e36020b2b5b6217e553dc0038983146a2e2dd,
ACHR,2026-07-08,fd1e36020b2b5b6217e553dc0038983146a2e2dd,
ACTI,2026-07-09,fd1e36020b2b5b6217e553dc0038983146a2e2dd,
ADDN,2026-07-09,fd1e36020b2b5b6217e553dc0038983146a2e2dd,
AFFE,2026-07-10,fd1e36020b2b5b6217e553dc0038983146a2e2dd,
ALCH,2026-07-10,fd1e36020b2b5b6217e553dc0038983146a2e2dd,
AMBS,2026-07-10,fd1e36020b2b5b6217e553dc0038983146a2e2dd,
AMDL,2026-07-10,fd1e36020b2b5b6217e553dc0038983146a2e2dd,
AMMO,2026-07-11,fd1e36020b2b5b6217e553dc0038983146a2e2dd,
ANIO,2026-07-12,fd1e36020b2b5b6217e553dc0038983146a2e2dd,
AOPF,2026-07-12,fd1e36020b2b5b6217e553dc0038983146a2e2dd,
MGEF,2026-07-08,fd1e36020b2b5b6217e553dc0038983146a2e2dd,
